faixa_etaria_genero,ano,t__who_category_family,t__who_category_friend,t__who_category_co_worker,t__who_category_partner,t__who_category_children,t__who_category_alone
All people,15,4.2856,1.535781,0.1601035,0.0,0.34252667,3.6823711
All people,16,4.085357,1.4323128,0.44434384,0.0015612968,0.4073105,3.9115822
All people,17,3.704296,1.7911551,0.7571204,0.015116782,0.41837686,4.1004124
All people,18,3.7485743,1.9524652,1.3097771,0.0929456,0.46425775,4.5380898
All people,19,3.021467,1.8031272,2.0831554,0.31108212,0.4362604,5.089078
All people,20,2.9438725,1.7619115,2.2674994,0.38421685,0.7204244,5.1352544
All people,21,2.562343,1.834591,2.4781845,0.8298508,0.96823,4.977665
All people,22,2.2287126,1.4345136,2.6828787,0.8301114,1.0153607,5.336074
All people,23,2.045577,1.503806,3.1125133,1.35775,1.372267,4.9302807
All people,24,1.7884793,1.4293581,3.263429,1.6674548,1.4569029,4.820935
All people,25,1.5634179,1.0780149,3.0703776,1.9074014,1.7131166,5.166253
All people,26,1.4351236,1.162188,3.191165,2.3057876,1.7995402,5.1301584
All people,27,1.3731755,1.0891083,3.2526355,2.5684388,2.2893476,4.7966976
All people,28,1.2138612,0.91720164,3.1881652,2.7888315,2.7681513,4.8286715
All people,29,1.310107,0.89121395,3.0647693,2.865851,2.9467337,4.8250856
All people,30,1.0557982,0.7613488,3.285558,2.9939716,3.108729,4.718005
All people,31,1.127229,0.78545856,2.899743,3.3840265,3.4859197,4.7825766
All people,32,0.98132306,0.7174313,3.0996234,3.2481837,3.618133,4.785285
All people,33,0.99715215,0.7364724,2.7872624,3.4037163,4.1587467,4.5681214
All people,34,1.0655075,0.57720494,2.9044538,3.3576856,4.121396,4.741513
All people,35,0.90246046,0.5865635,2.9475396,3.4507945,4.2005267,4.7230124
All people,36,0.9983324,0.5893164,2.760397,3.2292042,4.1007915,4.9546175
All people,37,0.9220859,0.630214,2.8879576,3.3873212,4.0902014,4.8378553
All people,38,0.91499984,0.58932203,2.9722357,3.3346283,4.166225,4.8320885
All people,39,0.8957795,0.50674504,2.715318,3.5763144,4.2957425,5.005917
All people,40,0.7984253,0.5023995,2.8753939,3.2869353,3.9013069,5.1712193
All people,41,0.8866033,0.5192883,2.7935874,3.2419965,3.988606,5.2687693
All people,42,0.7887114,0.57956696,2.960478,3.1813664,3.660048,5.3224244
All people,43,0.8683357,0.5858448,2.6104558,3.182782,3.6075296,5.6202903
All people,44,0.8377524,0.5481768,2.6953425,3.2589123,3.5401933,5.618265
All people,45,0.88698107,0.5253485,2.8865573,3.0635996,3.4105108,5.4692345
All people,46,0.89504725,0.5443685,2.5540438,3.2047546,3.0696719,5.8910613
All people,47,0.8898898,0.5544684,2.6815653,2.9975724,2.8170936,5.980712
All people,48,0.9280376,0.46534044,2.7117643,3.2517123,2.5686228,5.850274
All people,49,0.90404606,0.5567191,2.9272726,3.113355,2.3032105,6.0257683
All people,50,1.0413381,0.41199195,2.5228906,2.9040043,2.2416055,6.557182
All people,51,1.0138423,0.5362014,2.7235038,3.1011457,2.065763,6.332275
All people,52,1.053607,0.47180519,2.7837155,3.170779,1.733341,6.5315876
All people,53,0.92713624,0.45870188,2.6313064,3.0768635,1.7311345,6.583707
All people,54,0.9580731,0.5098107,2.8003836,2.9779737,1.4840652,6.519113
All people,55,1.0093313,0.50497186,2.428148,3.1094534,1.4262308,6.747812
All people,56,1.093001,0.6099959,2.4321036,3.3279667,1.2937095,6.6691685
All people,57,0.9541048,0.4641938,2.4965897,3.0650997,1.2503729,6.9277654
All people,58,1.105859,0.54272914,2.2101493,3.0610685,1.0828629,7.0262513
All people,59,1.0356916,0.43481466,2.1718438,3.3607,1.1282853,7.116824
All people,60,1.0534945,0.5261063,2.0446901,3.3342354,1.0435668,7.201083
All people,61,0.98855346,0.4677273,2.041755,3.5194786,1.1009907,7.011235
All people,62,0.9776027,0.4542108,1.4605905,3.6920898,1.0113631,7.3489842
All people,63,1.0469835,0.49819976,1.3948193,3.5843575,0.9437183,7.4830074
All people,64,0.9690788,0.5007605,1.3314041,3.7496674,0.9064246,7.5602317
All people,65,1.0774366,0.50642973,0.99433273,3.942857,0.9230866,7.6411753
All people,66,1.1219771,0.55420476,0.81076735,4.1784678,0.9630701,7.39068
All people,67,0.92317605,0.55477923,0.6366517,4.3227873,0.94143283,7.4325876
All people,68,0.8989891,0.596319,0.64390445,4.223339,0.85598665,7.5879745
All people,69,0.957611,0.56551975,0.4289269,4.496136,1.0267284,7.5360446
All people,70,0.8961862,0.6343429,0.44426137,4.199,0.87093467,7.700796
All people,71,0.91605055,0.59096026,0.31652108,4.4188194,0.9392386,7.6769695
All people,72,0.9245673,0.5828744,0.30392313,4.3114257,0.735342,7.980868
All people,73,0.8458128,0.48637053,0.3086794,4.345299,0.8829385,7.8918905
All people,74,0.8980563,0.52288926,0.25046706,4.2926908,0.80473524,7.7984357
All people,75,0.8587403,0.56241566,0.26924726,4.2489867,0.83023655,7.794711
All people,76,0.7879729,0.5384031,0.26214743,4.535059,0.7159571,7.6357117
All people,77,1.0354593,0.46447426,0.16058943,4.458114,0.796351,7.7199826
All people,78,0.9557144,0.576243,0.058612958,4.340687,0.6921542,7.8286204
All people,79,0.78502196,0.62894434,0.09308862,4.1688104,0.61845887,8.036639
All people,80,0.9625531,0.52761006,0.099430904,3.8416266,0.6946772,7.98213
Men,15,4.1149764,1.575307,0.20407158,0.0,0.2485009,3.910415
Men,16,3.8758006,1.4380484,0.46623182,0.0028366747,0.32606304,4.184009
Men,17,3.2173405,1.902747,0.8607645,8.805606e-05,0.23823474,4.6243143
Men,18,3.213228,1.8771129,1.5207447,0.08767435,0.3195584,5.093486
Men,19,2.5432203,2.0587013,2.1506324,0.31390974,0.18983383,5.6306624
Men,20,2.6322207,1.7991191,2.5684845,0.23500593,0.3579979,5.6567683
Men,21,2.1242218,2.3057637,2.7540066,0.6196033,0.4920217,5.5024014
Men,22,1.9705181,1.6650211,2.8102329,0.6247923,0.532533,6.010506
Men,23,1.9265043,1.7370249,3.125851,1.2710254,0.69681764,5.488033
Men,24,1.6773107,1.7947216,3.7373807,1.3879261,0.62658656,5.35345
Men,25,1.4858124,1.3212011,3.5717952,1.7441752,1.0080142,5.7947245
Men,26,1.3431783,1.3045479,3.6300929,2.0122395,0.96880925,5.8156676
Men,27,1.2629285,1.2393384,3.58085,2.3498456,1.4753604,5.43972
Men,28,1.0665777,1.0881021,3.9049902,2.625202,1.6350249,5.4694524
Men,29,1.0548297,1.0445162,3.7584474,2.8008885,1.6595004,5.485214
Men,30,0.9553756,0.89544904,4.1251254,2.9213436,1.6845037,5.2890944
Men,31,1.0534639,0.871717,3.4771948,3.4001338,2.4061437,5.406324
Men,32,0.80909884,0.86932975,3.7678852,3.2583706,2.314391,5.4543653
Men,33,0.9332657,0.83380914,3.3945563,3.5467224,3.1418886,5.019581
Men,34,1.0554149,0.6465661,3.7740445,3.2725904,2.8522398,5.323258
Men,35,0.72939575,0.61742806,3.5320652,3.6573026,3.1762114,5.2290096
Men,36,0.85856956,0.74101216,3.482688,3.1789048,3.024598,5.401685
Men,37,0.73196757,0.7308815,3.6087298,3.5999918,3.126966,5.225249
Men,38,0.76234424,0.7132123,3.5880494,3.479513,3.329577,5.350584
Men,39,0.80804247,0.50083524,3.0669174,3.9123187,3.509087,5.5126505
Men,40,0.7045426,0.51787704,3.5603833,3.4825132,3.118646,5.4972143
Men,41,0.9120571,0.42368117,3.3969672,3.4219704,3.22734,5.484039
Men,42,0.676664,0.62797606,3.3190532,3.526601,3.0260077,5.5298924
Men,43,0.761059,0.58082294,3.083693,3.133136,2.8528833,6.1301923
Men,44,0.6495883,0.5585344,3.0639963,3.5496998,2.9738398,6.0315747
Men,45,0.76702636,0.5210377,3.6171668,3.3246489,3.0165956,5.436123
Men,46,0.7883133,0.5724905,3.0172677,3.2395935,2.5755258,6.375721
Men,47,0.7066552,0.6083477,3.0651152,3.3482044,2.3113437,6.1941876
Men,48,0.80036384,0.47548157,3.1516266,3.4498591,2.2767978,6.0567155
Men,49,0.7889196,0.676588,3.0561585,3.1544988,2.1087885,6.333798
Men,50,0.83493114,0.3879116,2.7221506,2.8178592,1.8790083,7.1296167
Men,51,0.8543608,0.4546563,2.94974,3.2256863,1.8518981,6.6548567
Men,52,0.8373566,0.49065074,3.1759229,3.2858799,1.3841467,6.895158
Men,53,0.750972,0.372196,2.9473627,3.1489847,1.5386168,6.9149375
Men,54,0.7630303,0.46342632,3.1084032,3.0122313,1.2622131,6.9587097
Men,55,0.80584675,0.51590556,2.7848773,3.2311525,1.0955501,7.045058
Men,56,0.79537386,0.58310544,2.5314326,3.4294662,1.1020871,6.9891224
Men,57,0.64717317,0.43005934,3.0782785,3.167669,0.92696774,7.079948
Men,58,0.7894426,0.5750237,2.5393164,3.3676794,0.84172946,7.2714696
Men,59,0.9195901,0.47614405,2.253585,3.4887335,0.99424237,7.405526
Men,60,0.85527205,0.5058012,2.241565,3.5880914,0.8950363,7.3874536
Men,61,0.83598673,0.46488634,2.4192789,3.7029834,0.9813407,6.9724627
Men,62,0.7671897,0.43306994,1.5788974,3.8271253,0.7170029,7.8515387
Men,63,0.9067964,0.52506006,1.5471232,3.7009912,0.70472455,7.827791
Men,64,0.7157044,0.48258108,1.5100974,3.9295413,0.6535513,7.8140054
Men,65,0.7992815,0.520152,1.2615709,4.0773,0.75745165,7.9399137
Men,66,0.8884622,0.6085382,1.0293142,4.529459,0.7346119,7.5037165
Men,67,0.760257,0.55587393,0.70045805,4.5886908,0.7601417,7.6866713
Men,68,0.701248,0.5188014,0.81654716,4.920339,0.73197037,7.3441696
Men,69,0.77981544,0.58574945,0.44876933,4.868007,0.81019485,7.6691103
Men,70,0.6726782,0.65957123,0.55044854,4.7477093,0.75811875,7.724542
Men,71,0.6885871,0.59343165,0.47613207,5.079361,0.7440468,7.6568785
Men,72,0.7703886,0.516565,0.4640743,5.0970316,0.49948162,7.7542305
Men,73,0.7156718,0.44228038,0.41068664,5.275845,0.8040031,7.4883194
Men,74,0.6342957,0.44290262,0.3079058,5.2431016,0.4869226,7.56588
Men,75,0.6806205,0.61290526,0.31623995,5.4284306,0.6413834,7.0921345
Men,76,0.6949638,0.37387565,0.2956238,5.773336,0.5845985,7.1100435
Men,77,0.90219796,0.4396221,0.26319447,5.7096457,0.6696041,7.0044413
Men,78,0.6552023,0.4634594,0.06434629,5.649057,0.524022,7.172529
Men,79,0.4772125,0.5471515,0.1460045,5.452214,0.4400244,7.5894766
Men,80,0.74378735,0.4905475,0.097197294,5.238976,0.4304932,7.3413477
Women,15,4.4537854,1.4968197,0.1167636,0.0,0.43520904,3.4575856
Women,16,4.330355,1.4256073,0.41875395,7.021716e-05,0.50229913,3.5930808
Women,17,4.2111826,1.6749958,0.64923406,0.03076063,0.6058921,3.555067
Women,18,4.289623,2.0286202,1.0965625,0.098273,0.61049837,3.976778
Women,19,3.4689984,1.563967,2.020012,0.30843613,0.66686046,4.5822763
Women,20,3.3262775,1.7162569,1.8981827,0.5673025,1.1651313,4.495343
Women,21,2.9663732,1.4000804,2.2238245,1.0237389,1.4073842,4.493759
Women,22,2.4920754,1.1993917,2.5529752,1.0395406,1.5078539,4.6481404
Women,23,2.1533327,1.2927537,3.1004431,1.4362319,1.9835174,4.4255404
Women,24,1.8995466,1.0643272,2.7899086,1.9467293,2.2864633,4.2889047
Women,25,1.6425881,0.82992554,2.55885,2.0739188,2.4324358,4.52511
Women,26,1.5254774,1.0222923,2.7598345,2.5942547,2.6158922,4.456515
Women,27,1.4811642,0.9419556,2.9311447,2.7825541,3.0866604,4.166847
Women,28,1.3605305,0.7470139,2.47433,2.9517784,3.8965516,4.1905637
Women,29,1.5667585,0.7370864,2.367357,2.9311628,4.240896,4.161403
Women,30,1.1553273,0.6284416,2.4534602,3.0659535,4.520283,4.151997
Women,31,1.1997049,0.70070773,2.3323836,3.3682008,4.5468245,4.1697307
Women,32,1.1600492,0.5597983,2.406133,3.2376122,4.971095,4.0909457
Women,33,1.0576221,0.6443412,2.2124457,3.268358,5.121225,4.1408052
Women,34,1.0751323,0.5110594,2.075178,3.4388359,5.3317137,4.1867375
Women,35,1.0709168,0.5565209,2.3785787,3.2497852,5.197566,4.230489
Women,36,1.1244549,0.45242566,2.108599,3.2745948,5.0719523,4.551182
Women,37,1.1006973,0.5356394,2.21081,3.1875224,4.995137,4.473909
Women,38,1.0618094,0.4701763,2.3800054,3.1952922,4.970833,4.333449
Women,39,0.9921671,0.5132375,2.329052,3.207181,5.15996,4.4492216
Women,40,0.8917847,0.48700827,2.194223,3.0924478,4.679605,4.847042
Women,41,0.8633483,0.6066363,2.2423315,3.0775697,4.6841087,5.072096
Women,42,0.9022926,0.53049517,2.5969946,2.8314059,4.3027678,5.1121163
Women,43,0.9707912,0.59064096,2.1584866,3.2301965,4.328261,5.1333046
Women,44,1.021652,0.53805405,2.335044,2.9747152,4.093711,5.2143226
Women,45,1.0041404,0.52955884,2.172974,2.8086338,3.7952461,5.5015745
Women,46,0.9976592,0.5173325,2.108709,3.171261,3.544735,5.4251184
Women,47,1.073107,0.5005942,2.298052,2.6469738,3.3227956,5.767257
Women,48,1.0597386,0.45487937,2.2580273,3.0473151,2.8696532,5.6373205
Women,49,1.00347,0.4531996,2.815966,3.0778227,2.4711144,5.7597523
Women,50,1.2423775,0.4354461,2.3288121,2.9879093,2.594774,5.999632
Women,51,1.166878,0.6144507,2.5064116,2.9816387,2.270984,6.0227313
Women,52,1.2518247,0.4545311,2.4242132,3.0652761,2.053417,6.198334
Women,53,1.0912007,0.5392661,2.3369582,3.009696,1.9104291,6.275227
Women,54,1.1563373,0.5569611,2.487277,2.9431505,1.7095814,6.072256
Women,55,1.1973059,0.49487153,2.0986097,2.9970307,1.7317063,6.4732227
Women,56,1.3782436,0.63576746,2.336908,3.2306907,1.4773582,6.362528
Women,57,1.248812,0.49696872,1.938068,2.9666154,1.5608976,6.781644
Women,58,1.3920618,0.51351833,1.9124132,2.7837353,1.300971,6.804448
Women,59,1.1485045,0.39465597,2.0924177,3.236293,1.2585315,6.8362994
Women,60,1.2442086,0.54564226,1.8552725,3.0899951,1.1864712,7.0217724
Women,61,1.1393235,0.4705348,1.6686772,3.338135,1.2192316,7.0495515
Women,62,1.1599557,0.4725324,1.3580607,3.5750623,1.2664685,6.913449
Women,63,1.1728599,0.47408143,1.2580628,3.4796302,1.158315,7.1734195
Women,64,1.1991502,0.51726794,1.1691452,3.5863364,1.136041,7.3297973
Women,65,1.3315147,0.49389532,0.7502265,3.8200517,1.0743843,7.368295
Women,66,1.3105175,0.51033586,0.6343121,3.8950763,1.1475278,7.299414
Women,67,1.0715792,0.553782,0.5785304,4.0805755,1.1065712,7.201143
Women,68,1.0789118,0.6668516,0.4868186,3.5891454,0.96882784,7.8098106
Women,69,1.1245798,0.54652184,0.4102927,4.1469107,1.2300762,7.411082
Women,70,1.1040347,0.61088204,0.34551388,3.6887343,0.97584647,7.678714
Women,71,1.1075163,0.58888,0.18216962,3.8628132,1.10354,7.693881
Women,72,1.0521846,0.6377602,0.1713623,3.6611614,0.9305691,8.168462
Women,73,0.955574,0.5235563,0.22264631,3.560474,0.9495128,8.232264
Women,74,1.1181625,0.5896375,0.20253487,3.4995801,1.0699474,7.9925013
Women,75,0.9924434,0.52451634,0.23397288,3.3636546,0.9719965,8.32209
Women,76,0.85365695,0.6545941,0.23850603,3.6605752,0.8087239,8.006944
Women,77,1.1422552,0.4843908,0.0783616,3.4551346,0.8979262,8.293418
Women,78,1.1947187,0.66594243,0.054053105,3.3001091,0.8258738,8.350425
Women,79,1.0506723,0.6995344,0.047420368,3.061188,0.772454,8.422556
Women,80,1.1226504,0.5547332,0.1010655,2.8190172,0.88801247,8.451068
